,0,1,2
0,1024,512,cmp_b0001.jpg
1,1024,512,cmp_b0001.png
2,1024,384,cmp_b0002.jpg
3,1024,384,cmp_b0002.png
4,1024,448,cmp_b0003.jpg
5,1024,448,cmp_b0003.png
6,1024,672,cmp_b0004.jpg
7,1024,672,cmp_b0004.png
8,1024,672,cmp_b0005.jpg
9,1024,672,cmp_b0005.png
10,1024,576,cmp_b0006.jpg
11,1024,576,cmp_b0006.png
12,1024,608,cmp_b0007.jpg
13,1024,608,cmp_b0007.png
14,1024,384,cmp_b0008.jpg
15,1024,384,cmp_b0008.png
16,1024,384,cmp_b0009.jpg
17,1024,384,cmp_b0009.png
18,1024,576,cmp_b0010.jpg
19,1024,576,cmp_b0010.png
20,1024,352,cmp_b0011.jpg
21,1024,352,cmp_b0011.png
22,1024,672,cmp_b0012.jpg
23,1024,672,cmp_b0012.png
24,1024,992,cmp_b0013.jpg
25,1024,992,cmp_b0013.png
26,1024,736,cmp_b0014.jpg
27,1024,736,cmp_b0014.png
28,1024,672,cmp_b0015.jpg
29,1024,672,cmp_b0015.png
30,1024,672,cmp_b0016.jpg
31,1024,672,cmp_b0016.png
32,1024,992,cmp_b0017.jpg
33,1024,992,cmp_b0017.png
34,1024,704,cmp_b0018.jpg
35,1024,704,cmp_b0018.png
36,1024,864,cmp_b0019.jpg
37,1024,864,cmp_b0019.png
38,1024,512,cmp_b0020.jpg
39,1024,512,cmp_b0020.png
40,1024,480,cmp_b0021.jpg
41,1024,480,cmp_b0021.png
42,1024,960,cmp_b0022.jpg
43,1024,960,cmp_b0022.png
44,1024,832,cmp_b0023.jpg
45,1024,832,cmp_b0023.png
46,1024,736,cmp_b0024.jpg
47,1024,736,cmp_b0024.png
48,1024,736,cmp_b0025.jpg
49,1024,736,cmp_b0025.png
50,1024,672,cmp_b0026.jpg
51,1024,672,cmp_b0026.png
52,1024,736,cmp_b0027.jpg
53,1024,736,cmp_b0027.png
54,1024,992,cmp_b0028.jpg
55,1024,992,cmp_b0028.png
56,1024,832,cmp_b0029.jpg
57,1024,832,cmp_b0029.png
58,1024,576,cmp_b0030.jpg
59,1024,576,cmp_b0030.png
60,1024,992,cmp_b0031.jpg
61,1024,992,cmp_b0031.png
62,1024,704,cmp_b0032.jpg
63,1024,704,cmp_b0032.png
64,1024,800,cmp_b0033.jpg
65,1024,800,cmp_b0033.png
66,1024,832,cmp_b0034.jpg
67,1024,832,cmp_b0034.png
68,1024,768,cmp_b0035.jpg
69,1024,768,cmp_b0035.png
70,1024,928,cmp_b0036.jpg
71,1024,928,cmp_b0036.png
72,1024,992,cmp_b0037.jpg
73,1024,992,cmp_b0037.png
74,1024,704,cmp_b0038.jpg
75,1024,704,cmp_b0038.png
76,1024,768,cmp_b0039.jpg
77,1024,768,cmp_b0039.png
78,1024,672,cmp_b0040.jpg
79,1024,672,cmp_b0040.png
80,1024,928,cmp_b0041.jpg
81,1024,928,cmp_b0041.png
82,1024,928,cmp_b0042.jpg
83,1024,928,cmp_b0042.png
84,1024,544,cmp_b0043.jpg
85,1024,544,cmp_b0043.png
86,1024,576,cmp_b0044.jpg
87,1024,576,cmp_b0044.png
88,1024,704,cmp_b0045.jpg
89,1024,704,cmp_b0045.png
90,1024,768,cmp_b0046.jpg
91,1024,768,cmp_b0046.png
92,1024,832,cmp_b0047.jpg
93,1024,832,cmp_b0047.png
94,1024,672,cmp_b0048.jpg
95,1024,672,cmp_b0048.png
96,1024,704,cmp_b0049.jpg
97,1024,704,cmp_b0049.png
98,1024,608,cmp_b0050.jpg
99,1024,608,cmp_b0050.png
100,1024,800,cmp_b0051.jpg
101,1024,800,cmp_b0051.png
102,1024,928,cmp_b0052.jpg
103,1024,928,cmp_b0052.png
104,1024,992,cmp_b0053.jpg
105,1024,992,cmp_b0053.png
106,1024,800,cmp_b0054.jpg
107,1024,800,cmp_b0054.png
108,1024,928,cmp_b0055.jpg
109,1024,928,cmp_b0055.png
110,1024,480,cmp_b0056.jpg
111,1024,480,cmp_b0056.png
112,1024,480,cmp_b0057.jpg
113,1024,480,cmp_b0057.png
114,1024,672,cmp_b0058.jpg
115,1024,672,cmp_b0058.png
116,1024,704,cmp_b0059.jpg
117,1024,704,cmp_b0059.png
118,1024,512,cmp_b0060.jpg
119,1024,512,cmp_b0060.png
120,1024,320,cmp_b0061.jpg
121,1024,320,cmp_b0061.png
122,1024,576,cmp_b0062.jpg
123,1024,576,cmp_b0062.png
124,1024,288,cmp_b0063.jpg
125,1024,288,cmp_b0063.png
126,1024,224,cmp_b0064.jpg
127,1024,224,cmp_b0064.png
128,1024,288,cmp_b0065.jpg
129,1024,288,cmp_b0065.png
130,1024,608,cmp_b0066.jpg
131,1024,608,cmp_b0066.png
132,1024,448,cmp_b0067.jpg
133,1024,448,cmp_b0067.png
134,1024,384,cmp_b0068.jpg
135,1024,384,cmp_b0068.png
136,1024,832,cmp_b0069.jpg
137,1024,832,cmp_b0069.png
138,1024,448,cmp_b0070.jpg
139,1024,448,cmp_b0070.png
140,1024,832,cmp_b0071.jpg
141,1024,832,cmp_b0071.png
142,1024,576,cmp_b0072.jpg
143,1024,576,cmp_b0072.png
144,1024,896,cmp_b0073.jpg
145,1024,896,cmp_b0073.png
146,1024,832,cmp_b0074.jpg
147,1024,832,cmp_b0074.png
148,1024,416,cmp_b0075.jpg
149,1024,416,cmp_b0075.png
150,1024,640,cmp_b0076.jpg
151,1024,640,cmp_b0076.png
152,1024,768,cmp_b0077.jpg
153,1024,768,cmp_b0077.png
154,1024,800,cmp_b0078.jpg
155,1024,800,cmp_b0078.png
156,1024,576,cmp_b0079.jpg
157,1024,576,cmp_b0079.png
158,1024,480,cmp_b0080.jpg
159,1024,480,cmp_b0080.png
160,1024,512,cmp_b0081.jpg
161,1024,512,cmp_b0081.png
162,1024,736,cmp_b0082.jpg
163,1024,736,cmp_b0082.png
164,1024,800,cmp_b0083.jpg
165,1024,800,cmp_b0083.png
166,1024,992,cmp_b0084.jpg
167,1024,992,cmp_b0084.png
168,1024,800,cmp_b0085.jpg
169,1024,800,cmp_b0085.png
170,1024,672,cmp_b0086.jpg
171,1024,672,cmp_b0086.png
172,1024,512,cmp_b0087.jpg
173,1024,512,cmp_b0087.png
174,1024,416,cmp_b0088.jpg
175,1024,416,cmp_b0088.png
176,1024,352,cmp_b0089.jpg
177,1024,352,cmp_b0089.png
178,1024,800,cmp_b0090.jpg
179,1024,800,cmp_b0090.png
180,1024,928,cmp_b0091.jpg
181,1024,928,cmp_b0091.png
182,1024,832,cmp_b0092.jpg
183,1024,832,cmp_b0092.png
184,1024,704,cmp_b0093.jpg
185,1024,704,cmp_b0093.png
186,1024,704,cmp_b0094.jpg
187,1024,704,cmp_b0094.png
188,1024,768,cmp_b0095.jpg
189,1024,768,cmp_b0095.png
190,1024,608,cmp_b0096.jpg
191,1024,608,cmp_b0096.png
192,1024,864,cmp_b0097.jpg
193,1024,864,cmp_b0097.png
194,1024,800,cmp_b0098.jpg
195,1024,800,cmp_b0098.png
196,1024,736,cmp_b0099.jpg
197,1024,736,cmp_b0099.png
198,1024,704,cmp_b0100.jpg
199,1024,704,cmp_b0100.png
200,1024,832,cmp_b0101.jpg
201,1024,832,cmp_b0101.png
202,1024,768,cmp_b0102.jpg
203,1024,768,cmp_b0102.png
204,1024,800,cmp_b0103.jpg
205,1024,800,cmp_b0103.png
206,1024,640,cmp_b0104.jpg
207,1024,640,cmp_b0104.png
208,1024,480,cmp_b0105.jpg
209,1024,480,cmp_b0105.png
210,1024,544,cmp_b0106.jpg
211,1024,544,cmp_b0106.png
212,1024,736,cmp_b0107.jpg
213,1024,736,cmp_b0107.png
214,1024,736,cmp_b0108.jpg
215,1024,736,cmp_b0108.png
216,1024,800,cmp_b0109.jpg
217,1024,800,cmp_b0109.png
218,1024,800,cmp_b0110.jpg
219,1024,800,cmp_b0110.png
220,1024,672,cmp_b0111.jpg
221,1024,672,cmp_b0111.png
222,1024,736,cmp_b0112.jpg
223,1024,736,cmp_b0112.png
224,1024,928,cmp_b0113.jpg
225,1024,928,cmp_b0113.png
226,1024,960,cmp_b0114.jpg
227,1024,960,cmp_b0114.png
228,1024,672,cmp_b0115.jpg
229,1024,672,cmp_b0115.png
230,1024,800,cmp_b0116.jpg
231,1024,800,cmp_b0116.png
232,1024,640,cmp_b0117.jpg
233,1024,640,cmp_b0117.png
234,1024,704,cmp_b0118.jpg
235,1024,704,cmp_b0118.png
236,1024,832,cmp_b0119.jpg
237,1024,832,cmp_b0119.png
238,1024,736,cmp_b0120.jpg
239,1024,736,cmp_b0120.png
240,1024,736,cmp_b0121.jpg
241,1024,736,cmp_b0121.png
242,1024,704,cmp_b0122.jpg
243,1024,704,cmp_b0122.png
244,1024,768,cmp_b0123.jpg
245,1024,768,cmp_b0123.png
246,1024,800,cmp_b0124.jpg
247,1024,800,cmp_b0124.png
248,1024,704,cmp_b0125.jpg
249,1024,704,cmp_b0125.png
250,1024,736,cmp_b0126.jpg
251,1024,736,cmp_b0126.png
252,1024,768,cmp_b0127.jpg
253,1024,768,cmp_b0127.png
254,1024,768,cmp_b0128.jpg
255,1024,768,cmp_b0128.png
256,1024,736,cmp_b0129.jpg
257,1024,736,cmp_b0129.png
258,1024,736,cmp_b0130.jpg
259,1024,736,cmp_b0130.png
260,1024,832,cmp_b0131.jpg
261,1024,832,cmp_b0131.png
262,1024,864,cmp_b0132.jpg
263,1024,864,cmp_b0132.png
264,1024,864,cmp_b0133.jpg
265,1024,864,cmp_b0133.png
266,1024,544,cmp_b0134.jpg
267,1024,544,cmp_b0134.png
268,1024,704,cmp_b0135.jpg
269,1024,704,cmp_b0135.png
270,1024,704,cmp_b0136.jpg
271,1024,704,cmp_b0136.png
272,1024,736,cmp_b0137.jpg
273,1024,736,cmp_b0137.png
274,1024,768,cmp_b0138.jpg
275,1024,768,cmp_b0138.png
276,1024,704,cmp_b0139.jpg
277,1024,704,cmp_b0139.png
278,1024,608,cmp_b0140.jpg
279,1024,608,cmp_b0140.png
280,1024,576,cmp_b0141.jpg
281,1024,576,cmp_b0141.png
282,1024,800,cmp_b0142.jpg
283,1024,800,cmp_b0142.png
284,1024,960,cmp_b0143.jpg
285,1024,960,cmp_b0143.png
286,1024,672,cmp_b0144.jpg
287,1024,672,cmp_b0144.png
288,1024,736,cmp_b0145.jpg
289,1024,736,cmp_b0145.png
290,1024,960,cmp_b0146.jpg
291,1024,960,cmp_b0146.png
292,1024,640,cmp_b0147.jpg
293,1024,640,cmp_b0147.png
294,1024,768,cmp_b0148.jpg
295,1024,768,cmp_b0148.png
296,1024,768,cmp_b0149.jpg
297,1024,768,cmp_b0149.png
298,1024,768,cmp_b0150.jpg
299,1024,768,cmp_b0150.png
300,1024,768,cmp_b0151.jpg
301,1024,768,cmp_b0151.png
302,1024,768,cmp_b0152.jpg
303,1024,768,cmp_b0152.png
304,1024,768,cmp_b0153.jpg
305,1024,768,cmp_b0153.png
306,1024,768,cmp_b0154.jpg
307,1024,768,cmp_b0154.png
308,1024,768,cmp_b0155.jpg
309,1024,768,cmp_b0155.png
310,1024,768,cmp_b0156.jpg
311,1024,768,cmp_b0156.png
312,1024,768,cmp_b0157.jpg
313,1024,768,cmp_b0157.png
314,1024,768,cmp_b0158.jpg
315,1024,768,cmp_b0158.png
316,1024,768,cmp_b0159.jpg
317,1024,768,cmp_b0159.png
318,1024,768,cmp_b0160.jpg
319,1024,768,cmp_b0160.png
320,1024,768,cmp_b0161.jpg
321,1024,768,cmp_b0161.png
322,1024,864,cmp_b0162.jpg
323,1024,864,cmp_b0162.png
324,1024,736,cmp_b0163.jpg
325,1024,736,cmp_b0163.png
326,1024,832,cmp_b0164.jpg
327,1024,832,cmp_b0164.png
328,1024,992,cmp_b0165.jpg
329,1024,992,cmp_b0165.png
330,1024,736,cmp_b0166.jpg
331,1024,736,cmp_b0166.png
332,1024,832,cmp_b0167.jpg
333,1024,832,cmp_b0167.png
334,1024,960,cmp_b0168.jpg
335,1024,960,cmp_b0168.png
336,1024,800,cmp_b0169.jpg
337,1024,800,cmp_b0169.png
338,1024,832,cmp_b0170.jpg
339,1024,832,cmp_b0170.png
340,1024,928,cmp_b0171.jpg
341,1024,928,cmp_b0171.png
342,1024,800,cmp_b0172.jpg
343,1024,800,cmp_b0172.png
344,1024,768,cmp_b0173.jpg
345,1024,768,cmp_b0173.png
346,1024,768,cmp_b0174.jpg
347,1024,768,cmp_b0174.png
348,1024,768,cmp_b0175.jpg
349,1024,768,cmp_b0175.png
350,1024,832,cmp_b0176.jpg
351,1024,832,cmp_b0176.png
352,1024,800,cmp_b0177.jpg
353,1024,800,cmp_b0177.png
354,1024,768,cmp_b0178.jpg
355,1024,768,cmp_b0178.png
356,1024,800,cmp_b0179.jpg
357,1024,800,cmp_b0179.png
358,1024,800,cmp_b0180.jpg
359,1024,800,cmp_b0180.png
360,1024,800,cmp_b0181.jpg
361,1024,800,cmp_b0181.png
362,1024,640,cmp_b0182.jpg
363,1024,640,cmp_b0182.png
364,1024,704,cmp_b0183.jpg
365,1024,704,cmp_b0183.png
366,1024,544,cmp_b0184.jpg
367,1024,544,cmp_b0184.png
368,1024,736,cmp_b0185.jpg
369,1024,736,cmp_b0185.png
370,1024,640,cmp_b0186.jpg
371,1024,640,cmp_b0186.png
372,1024,992,cmp_b0187.jpg
373,1024,992,cmp_b0187.png
374,1024,864,cmp_b0188.jpg
375,1024,864,cmp_b0188.png
376,1024,544,cmp_b0189.jpg
377,1024,544,cmp_b0189.png
378,1024,576,cmp_b0190.jpg
379,1024,576,cmp_b0190.png
380,1024,800,cmp_b0191.jpg
381,1024,800,cmp_b0191.png
382,1024,608,cmp_b0192.jpg
383,1024,608,cmp_b0192.png
384,1024,896,cmp_b0193.jpg
385,1024,896,cmp_b0193.png
386,1024,832,cmp_b0194.jpg
387,1024,832,cmp_b0194.png
388,1024,640,cmp_b0195.jpg
389,1024,640,cmp_b0195.png
390,1024,448,cmp_b0196.jpg
391,1024,448,cmp_b0196.png
392,1024,576,cmp_b0197.jpg
393,1024,576,cmp_b0197.png
394,1024,672,cmp_b0198.jpg
395,1024,672,cmp_b0198.png
396,1024,672,cmp_b0199.jpg
397,1024,672,cmp_b0199.png
398,1024,544,cmp_b0200.jpg
399,1024,544,cmp_b0200.png
400,1024,928,cmp_b0201.jpg
401,1024,928,cmp_b0201.png
402,1024,672,cmp_b0202.jpg
403,1024,672,cmp_b0202.png
404,1024,608,cmp_b0203.jpg
405,1024,608,cmp_b0203.png
406,1024,896,cmp_b0204.jpg
407,1024,896,cmp_b0204.png
408,1024,672,cmp_b0205.jpg
409,1024,672,cmp_b0205.png
410,1024,544,cmp_b0206.jpg
411,1024,544,cmp_b0206.png
412,1024,640,cmp_b0207.jpg
413,1024,640,cmp_b0207.png
414,1024,768,cmp_b0208.jpg
415,1024,768,cmp_b0208.png
416,1024,544,cmp_b0209.jpg
417,1024,544,cmp_b0209.png
418,1024,576,cmp_b0210.jpg
419,1024,576,cmp_b0210.png
420,1024,768,cmp_b0211.jpg
421,1024,768,cmp_b0211.png
422,1024,768,cmp_b0212.jpg
423,1024,768,cmp_b0212.png
424,1024,768,cmp_b0213.jpg
425,1024,768,cmp_b0213.png
426,1024,768,cmp_b0214.jpg
427,1024,768,cmp_b0214.png
428,1024,768,cmp_b0215.jpg
429,1024,768,cmp_b0215.png
430,1024,768,cmp_b0216.jpg
431,1024,768,cmp_b0216.png
432,1024,768,cmp_b0217.jpg
433,1024,768,cmp_b0217.png
434,1024,768,cmp_b0218.jpg
435,1024,768,cmp_b0218.png
436,1024,768,cmp_b0219.jpg
437,1024,768,cmp_b0219.png
438,1024,768,cmp_b0220.jpg
439,1024,768,cmp_b0220.png
440,1024,768,cmp_b0221.jpg
441,1024,768,cmp_b0221.png
442,1024,768,cmp_b0222.jpg
443,1024,768,cmp_b0222.png
444,1024,768,cmp_b0223.jpg
445,1024,768,cmp_b0223.png
446,1024,768,cmp_b0224.jpg
447,1024,768,cmp_b0224.png
448,1024,768,cmp_b0225.jpg
449,1024,768,cmp_b0225.png
450,1024,768,cmp_b0226.jpg
451,1024,768,cmp_b0226.png
452,1024,768,cmp_b0227.jpg
453,1024,768,cmp_b0227.png
454,1024,768,cmp_b0228.jpg
455,1024,768,cmp_b0228.png
456,1024,768,cmp_b0229.jpg
457,1024,768,cmp_b0229.png
458,1024,768,cmp_b0230.jpg
459,1024,768,cmp_b0230.png
460,1024,768,cmp_b0231.jpg
461,1024,768,cmp_b0231.png
462,1024,768,cmp_b0232.jpg
463,1024,768,cmp_b0232.png
464,1024,768,cmp_b0233.jpg
465,1024,768,cmp_b0233.png
466,1024,768,cmp_b0234.jpg
467,1024,768,cmp_b0234.png
468,1024,768,cmp_b0235.jpg
469,1024,768,cmp_b0235.png
470,1024,576,cmp_b0236.jpg
471,1024,576,cmp_b0236.png
472,1024,640,cmp_b0237.jpg
473,1024,640,cmp_b0237.png
474,1024,608,cmp_b0238.jpg
475,1024,608,cmp_b0238.png
476,1024,480,cmp_b0239.jpg
477,1024,480,cmp_b0239.png
478,1024,576,cmp_b0240.jpg
479,1024,576,cmp_b0240.png
480,1024,608,cmp_b0241.jpg
481,1024,608,cmp_b0241.png
482,1024,736,cmp_b0242.jpg
483,1024,736,cmp_b0242.png
484,1024,608,cmp_b0243.jpg
485,1024,608,cmp_b0243.png
486,1024,576,cmp_b0244.jpg
487,1024,576,cmp_b0244.png
488,1024,608,cmp_b0245.jpg
489,1024,608,cmp_b0245.png
490,1024,960,cmp_b0246.jpg
491,1024,960,cmp_b0246.png
492,1024,672,cmp_b0247.jpg
493,1024,672,cmp_b0247.png
494,1024,640,cmp_b0248.jpg
495,1024,640,cmp_b0248.png
496,1024,832,cmp_b0249.jpg
497,1024,832,cmp_b0249.png
498,1024,864,cmp_b0250.jpg
499,1024,864,cmp_b0250.png
500,1024,800,cmp_b0251.jpg
501,1024,800,cmp_b0251.png
502,1024,864,cmp_b0252.jpg
503,1024,864,cmp_b0252.png
504,1024,928,cmp_b0253.jpg
505,1024,928,cmp_b0253.png
506,1024,992,cmp_b0254.jpg
507,1024,992,cmp_b0254.png
508,1024,736,cmp_b0255.jpg
509,1024,736,cmp_b0255.png
510,1024,896,cmp_b0256.jpg
511,1024,896,cmp_b0256.png
512,1024,832,cmp_b0257.jpg
513,1024,832,cmp_b0257.png
514,1024,992,cmp_b0258.jpg
515,1024,992,cmp_b0258.png
516,1024,736,cmp_b0259.jpg
517,1024,736,cmp_b0259.png
518,1024,736,cmp_b0260.jpg
519,1024,736,cmp_b0260.png
520,1024,928,cmp_b0261.jpg
521,1024,928,cmp_b0261.png
522,1024,992,cmp_b0262.jpg
523,1024,992,cmp_b0262.png
524,1024,832,cmp_b0263.jpg
525,1024,832,cmp_b0263.png
526,1024,928,cmp_b0264.jpg
527,1024,928,cmp_b0264.png
528,1024,960,cmp_b0265.jpg
529,1024,960,cmp_b0265.png
530,1024,640,cmp_b0266.jpg
531,1024,640,cmp_b0266.png
532,1024,864,cmp_b0267.jpg
533,1024,864,cmp_b0267.png
534,1024,896,cmp_b0268.jpg
535,1024,896,cmp_b0268.png
536,1024,768,cmp_b0269.jpg
537,1024,768,cmp_b0269.png
538,1024,800,cmp_b0270.jpg
539,1024,800,cmp_b0270.png
540,1024,704,cmp_b0271.jpg
541,1024,704,cmp_b0271.png
542,1024,608,cmp_b0272.jpg
543,1024,608,cmp_b0272.png
544,1024,832,cmp_b0273.jpg
545,1024,832,cmp_b0273.png
546,1024,672,cmp_b0274.jpg
547,1024,672,cmp_b0274.png
548,1024,896,cmp_b0275.jpg
549,1024,896,cmp_b0275.png
550,1024,960,cmp_b0276.jpg
551,1024,960,cmp_b0276.png
552,1024,768,cmp_b0277.jpg
553,1024,768,cmp_b0277.png
554,1024,800,cmp_b0278.jpg
555,1024,800,cmp_b0278.png
556,1024,704,cmp_b0279.jpg
557,1024,704,cmp_b0279.png
558,1024,480,cmp_b0280.jpg
559,1024,480,cmp_b0280.png
560,1024,736,cmp_b0285.jpg
561,1024,736,cmp_b0285.png
562,1024,640,cmp_b0286.jpg
563,1024,640,cmp_b0286.png
564,1024,704,cmp_b0326.jpg
565,1024,704,cmp_b0326.png
566,1024,192,cmp_b0350.jpg
567,1024,192,cmp_b0350.png
568,1024,704,cmp_b0351.jpg
569,1024,704,cmp_b0351.png
570,1024,768,cmp_b0352.jpg
571,1024,768,cmp_b0352.png
572,1024,672,cmp_b0353.jpg
573,1024,672,cmp_b0353.png
